userId,userName
1,Paweł Czapiewski
2,Marek Lewańczyk
3,Aleksander Bastek
4,Katarzyna Kasperek
5,Kamil Bogdański
6,Klaudia Denert
7,Kamil Koniak
8,Cyprian Czerwiński
9,Robert Michałowski
10,Mateusz Szotyński
11,Michał Małolepszy
12,Michał Bagan
13,Adrian Kemski
14,Kacper Prusak
15,Kamil Suchomski
16,Roland Liedtke
